a1231994-0337-474a-bf8c-74c2dc4bf330,1,1,10000,1678093283595,0,0
8d51f7a6-d34a-49a0-8dba-5b3e335da922,1,1,1,1678093439129,8925,8925
a9be69b4-3058-49c9-92d6-86c2e7ba4100,1,1,1,1678093439508,8886,8886
cf7ffdfd-1574-4217-9e67-4edd7ba99f4b,1,1,1,1678093439520,8887,8887
dd5571cb-0ca5-46d6-818a-5d44d3ee30a5,1,1,1,1678093439531,8888,8888
f054fc3c-a938-4d04-bdc6-9ae8e513867d,1,1,1,1678093439540,8889,8889
92645dfa-3e88-479a-842b-98af587b7c17,1,1,1,1678093439551,8890,8890
685dc367-5254-465a-899b-c9553921a5a7,1,1,1,1678093439561,8891,8891
70a90c88-13dc-4f14-b04c-e694ef8d0533,1,1,1,1678093439572,8892,8892
8ac692d8-6262-4086-bfee-86d4b91b89ff,1,1,1,1678093439580,8893,8893
9b9dd3f5-c1e9-4021-88e2-027a0e8c1a93,1,1,1,1678093439590,8894,8894
4bc0e7d4-3d15-4a0d-b4be-e0fa2e49f34b,1,1,1,1678093439601,8895,8895
d1a6d5cb-fdd2-4a00-9dbc-494e93eccd9c,1,1,1,1678093439610,8896,8896
b8d6bf06-2092-4bbd-aa89-710fb25d6614,1,1,1,1678093439620,8897,8897
b996f1f7-0e31-4c74-a09d-e8ef8ee975d1,1,1,1,1678093439631,8898,8898
00e2a391-a1f5-4812-970c-8f181b59804b,1,1,1,1678093439642,8899,8899
61b39ff2-e876-4de0-8657-848f2a65bfb8,1,1,1,1678093439654,8900,8900
0c412f69-6c4f-468a-8eb7-701a729a6d36,1,1,1,1678093439665,8901,8901
34e33629-9433-4aec-8dcd-a494c63ee7bf,1,1,1,1678093439684,8902,8902
d4526b36-27f4-4811-9998-27b04886ebef,1,1,1,1678093439705,8903,8903
f5766cea-5eba-4a89-97be-3560dd301eee,1,1,1,1678093439825,8904,8904
f8de50c2-886d-4cfd-8fde-e396f139b579,1,1,1,1678093439834,8905,8905
94fc8e04-92c6-4f60-9615-ab178b18cb3e,1,1,1,1678093439842,8906,8906
61e2640b-3027-4d03-8625-effb51dd968d,1,1,1,1678093439850,8907,8907
d1bfd327-46d2-4f79-bc21-7b7e4349186f,1,1,1,1678093439857,8908,8908
53529128-a68f-4ff5-bb46-ada2df65026c,1,1,1,1678093439865,8909,8909
23dea8a6-7bc5-4fee-aa55-b1a07e00103d,1,1,1,1678093439872,8910,8910
13bed4b1-fc62-4965-a225-81388eab338d,1,1,1,1678093439879,8911,8911
64005cda-44f8-4cf7-b999-80f0c9189059,1,1,1,1678093439886,8912,8912
e54fef90-0c30-4b49-9a9d-a2f045195857,1,1,1,1678093439893,8913,8913
09eb9cc1-7a20-4c3c-9fee-4c46f8acaf25,1,1,1,1678093439901,8914,8914
c03c76b4-31ce-4908-a87a-29cc097fc923,1,1,1,1678093439907,8915,8915
914805e7-e59b-4c79-880e-46d148e2003e,1,1,1,1678093439914,8916,8916
15190567-be72-4e6b-a788-756ea9dea3ea,1,1,1,1678093439922,8917,8917
62e2c09e-3d10-4175-b0f9-433376aba4b2,1,1,1,1678093439928,8918,8918
13159d32-d6c9-4918-92ea-75ab62ccbf58,1,1,1,1678093439935,8919,8919
77977b9f-5413-46b4-afa2-f466bc053c8d,1,1,1,1678093439942,8920,8920
2666878c-167f-42ae-bc32-763e77bfd71e,1,1,1,1678093439949,8921,8921
9df76541-795f-46ad-8239-53d24ac51b43,1,1,1,1678093439955,8922,8922
a0b6e278-049f-45c2-8322-edacacf1bc77,1,1,1,1678093439962,8923,8923
3d1fe0d6-ad5b-4337-81de-46fd3449a7d3,1,1,1,1678093439969,8924,8924
9b9c15ee-f3b0-4af0-8143-4cd414f92f77,1,1,1,1678093439976,8925,8925
6968ab86-61d0-480a-ae10-e3cdb4ec02c6,1,1,1,1678093439985,8926,8926
092e27f8-6e05-4625-8f38-6b8a3f61d2ea,1,1,1,1678093439999,8927,8927
4fbe2725-1cab-4c93-9fde-fc8a0f7c8468,1,1,1,1678093440010,8928,8928
b4b37c0f-960e-46f2-ab65-e0ec9680be3a,1,1,1,1678093440020,8929,8929
afdbb500-1269-4b0a-a661-52f2888a96e7,1,1,1,1678093440034,8930,8930
9d700985-1aed-4720-b71b-0125913e3beb,1,1,1,1678093440041,8931,8931
8ed03c15-6894-4577-a3e1-10d741787729,1,1,1,1678093440048,8932,8932
802fef3e-6584-479f-8a26-6992d4fed202,1,1,1,1678093440055,8933,8933
27106d72-2058-41a9-835e-7f0858e554cc,1,1,1,1678093440062,8934,8934
01d3e540-8713-4c59-822b-8aadcf52d1d7,1,1,1,1678093440069,8935,8935
731bf328-f01e-4379-ba18-05e2c0c5d0a0,1,1,1,1678093440076,8936,8936
52cc956a-099a-4266-9127-2eedce748696,1,1,1,1678093440083,8937,8937
d7dfd415-75ba-4201-ba8c-674c27396502,1,1,1,1678093440091,8938,8938
c503cce4-339b-44d2-acb2-d4732c01c5da,1,1,1,1678093440098,8939,8939
05903b42-4923-4290-9d77-988642f90095,1,1,1,1678093440105,8940,8940
c2906841-dcde-4fd7-9bda-888d295277b5,1,1,1,1678093440114,8941,8941
347eea07-a339-4674-8a49-0e75f2570afd,1,1,1,1678093440122,8942,8942
3fba9c3d-ace0-4726-ba95-74b038c514d9,1,1,1,1678093440130,8943,8943
56f6cec8-a5ae-4799-9975-b83453a6fca5,1,1,1,1678093440138,8944,8944
6fb14c51-32bd-4c61-ab93-ac29252d5be9,1,1,1,1678093440146,8945,8945
264331cb-eda5-479e-b298-82e5ae4438f3,1,1,1,1678093440153,8946,8946
49f2ef61-0035-4904-8e15-6fbaf778439d,1,1,1,1678093440160,8947,8947
dd6cc31c-e7ac-48b1-b55e-c24c08c66cad,1,1,1,1678093440169,8948,8948
c0318b12-d4fd-483e-8f66-f7205339f57f,1,1,1,1678093440179,8949,8949
07945812-b4ee-4d1b-8948-a03c5a86c32d,1,1,1,1678093440189,8950,8950
5be92449-c5a6-4409-a4ea-db391d9d7997,1,1,1,1678093440201,8951,8951
3f385958-190f-41bd-9929-bfdf350fe6a5,1,1,1,1678093440209,8952,8952
e9149bd0-7693-4363-8334-23e9b875dd3d,1,1,1,1678093440288,8946,8946
4ecd4231-c88b-48ce-97f0-4d71dc5177b2,1,1,1,1678093440297,8947,8947
2a3c8053-1f88-4ee2-99b1-734f9cfc7af7,1,1,1,1678093440321,8948,8948
0cc18cd0-16e7-441b-92ef-ef5612f33865,1,1,1,1678093440333,8949,8949
595bfcc8-7210-4aa6-80ad-e8eec6b7757f,1,1,1,1678093440343,8950,8950
309e3f2f-32d3-46f8-8518-4b78edbf1fc6,1,1,1,1678093440353,8951,8951
412db656-fc66-430f-97d4-b95909f32f13,1,1,1,1678093440362,8952,8952
f4506ccd-8091-4201-885a-08851a12b1d8,1,1,1,1678093440470,8953,8953
29becacd-0603-4220-9677-cfe4e7387ae2,1,1,1,1678093440479,8954,8954
d89f50ae-671a-4ba4-93d4-02c6e7f9f178,1,1,1,1678093440489,8955,8955
28f72788-9a93-4a72-9669-403ca98d4763,1,1,1,1678093440498,8956,8956
a8cf64c8-2b7b-4572-b509-5e9501173315,1,1,1,1678093440505,8957,8957
0b1f03f5-30fc-43e4-a3a4-7e2c412489d5,1,1,1,1678093440513,8958,8958
45649720-8475-4104-a9c1-f909615b61b9,1,1,1,1678093440522,8959,8959
87b992a7-0304-4753-b344-f536c8b9db52,1,1,1,1678093440531,8960,8960
9e4c3b0a-697c-4969-a546-b897bead8348,1,1,1,1678093440538,8961,8961
d89e3270-3585-433c-8de4-fe10dcd1cdd4,1,1,1,1678093440547,8962,8962
b22642c3-06ce-4624-b537-defb8df600ce,1,1,1,1678093440555,8963,8963
bf012a4c-1607-43da-bd6e-e173519c3280,1,1,1,1678093440563,8964,8964
cea1e9b9-30c1-4711-8550-4be09bd0fc77,1,1,1,1678093440571,8965,8965
8c4b5264-a0f7-4c82-b71b-c62dd8c6e5c3,1,1,1,1678093440578,8966,8966
2599d63e-6d3e-4b2b-959b-184a75d4191b,1,1,1,1678093440587,8967,8967
7eb8e949-7399-44c4-922e-f438f481a58f,1,1,1,1678093440595,8968,8968
60eabc25-4819-46be-87e6-2d0d60ff82ad,1,1,1,1678093440603,8969,8969
742dc68a-f7e0-412f-84e8-7709be4c08b5,1,1,1,1678093440615,8970,8970
2352b026-ecf8-4eb0-8630-41a8c4c656be,1,1,1,1678093440624,8971,8971
18cb60f3-a407-45ee-b361-58481e542733,1,1,1,1678093440635,8972,8972
be2213ee-d3ea-4ea6-8d16-8500b439ef00,1,1,1,1678093440649,8973,8973
0ccb3cc9-8f93-4c62-833b-9481f041a6f7,1,1,1,1678093440661,8974,8974
b5342b5a-a165-4a6d-8a89-1de6ff796da2,1,1,1,1678093440669,8975,8975
03b39c57-b536-41f0-bab4-369f59c6729d,1,1,1,1678093440677,8976,8976
7aa7a738-d9fc-41c1-9c67-9edfc1ec5c9e,1,1,1,1678093440686,8977,8977
5a92a32d-2434-41a6-a4d0-5302740f05d7,1,1,10000,1678093698375,8978,8978
