"98ca5599-1861-460e-ad55-6a8189c7000c","1676969556622","1","1","10"
"c99c4fc7-f89b-4464-b6d8-28ef4d8f16fb","1676969623261","1","1","10"
"595f9aff-b7c7-4a6b-b52d-28d785c04e5d","1676969745550","1","1","10"
"c28bbfec-94a7-4b98-a347-9f906b2343b9","1676969765642","1","1","10"
"672722b5-1331-4a99-9b8f-1ad08583b894","1676969870427","1","1","10"
"cc3ffd7b-4f33-4b17-8ea2-d761e2e58eec","1676969913204","1","1","10"
"9263e6be-043d-4c5f-a683-a681a522f34d","1676969979327","1","1","10"
"b51b8631-a4a1-42ca-8728-04b4c7651f3f","1676969986222","1","1","10"
"dd8eaa07-8583-4571-8f16-68709dab86f6","1676970018170","1","1","10"
"2cc22d07-b94e-4b2f-a2b0-da4616ad4b59","1676970021213","1","1","10"
"af57d2fe-677a-4095-a716-4c8b63d7a335","1676970033085","1","1","10"
"652a1654-d938-4c15-9849-92db594c78ed","1676970045150","1","1","10"
"7da75bf3-34ca-403d-a00e-d3a53c5ee31e","1676970093396","1","1","10"
"fe5fb0ea-87e4-47d8-ab2f-4de08a1efb0a","1676970097221","1","1","10"
"16cc037a-bac0-4c53-a0b3-6d2c1f7d77cb","1676970535101","1","1","10"
"61619084-0d7f-4ed2-8448-5246e6016290","1676970557024","1","1","10"
"b409bfc5-60f2-40d0-a19b-5079d3476736","1676970563000","1","1","10"
"04ca72cd-b786-4d57-bb66-6ee7184e166d","1676970604366","1","1","10"
"1686f382-8543-4bee-ae6f-b4dd84a30ae2","1676970991843","1","1","10"
"eaf48e77-f818-46b6-9c2e-fdd4f69aeef1","1676971000453","1","1","10"
"6b492526-26c3-439e-9707-b9f15ee38557","1676971018346","1","1","10"
"9e27925b-c0e5-47db-bedf-4f41bf60221a","1676971055049","1","1","10"
"f3d680d1-b189-44cd-b6c1-32bf26ba61b1","1676971120094","1","1","10"
"0ec6f269-d0bf-4ad7-8e2e-39bd1da4d5d8","1676971620720","1","1","10"
"41600bc6-8067-4c01-b03c-1ce0acddde91","1676972028541","1","1","10"
"a5853be7-553e-4eaf-a32d-e9bf91ae1cf2","1676972047379","1","1","10"
"08c89886-25f3-4d06-95b0-b0983971218e","1676972060829","1","1","10"
"3ff534ab-8a47-4c67-9ab1-092fd1b1eee5","1676972074118","1","1","10"
"30f6579e-108c-437f-9371-9068a0eb667e","1676972297932","1","1","10"
"eba43fd5-9e7f-4991-829a-05c79bc5bb24","1676972375638","1","1","10"
"3df1e06f-1e4c-46d8-a0b3-6466451344a1","1676972395052","1","1","10"
"68f36a4e-e668-4fe7-9bdb-4798c9a6f1a9","1676972502305","1","1","10"
"5b34f7fd-07c7-49d6-be53-fd17eddf2bef","1676972528460","1","1","10"
"b5ea747a-c5f6-4790-9256-c88d9c9cf3bb","1676979908824","1","1","1000"
